[
  {
    "name": "Rolex Datejust 36",
    "brand": "Rolex",
    "ref": "126200",
    "price": 6700,
    "image": "images/sample-rolex-blue.jpg",
    "status": "sold"
  },
  {
    "name": "Chopard Mille Miglia Jacky Ickx Flyback Ed.2",
    "brand": "Chopard",
    "ref": "",
    "price": 4850,
    "image": "images/sample-chopard.jpg",
    "status": "available"
  },
  {
    "name": "Panerai Luminor Marina Logo PAM0005",
    "brand": "Panerai",
    "ref": "PAM0005",
    "price": 4700,
    "image": "images/sample-panerai.jpg",
    "status": "available"
  },
  {
    "name": "Tag Heuer Monaco Chronograph Calibre 11",
    "brand": "TAG Heuer",
    "ref": "",
    "price": 5600,
    "image": "images/sample-monaco.jpg",
    "status": "on-request"
  },
  {
    "name": "Bamford Mayfair Quartz",
    "brand": "Bamford",
    "ref": "",
    "price": 360,
    "image": "images/sample-bamford.jpg",
    "status": "available"
  }
]